{
  "train_loss": [
    3.4697194308510624,
    1.9190823445145373,
    1.5052369570856943,
    1.3081491570822232,
    1.1955589995334286,
    3.218440551096232,
    2.242745132658494,
    1.9942515086753205,
    1.8151083473135663,
    1.7015967141271262,
    1.6258591541445069,
    1.5309331242326667,
    1.4544253436682737,
    1.384066908771455,
    1.3114822407043416,
    1.2589697067026069,
    1.2011634854121982,
    1.1539791438592042,
    1.1152459657629124,
    1.0805830237753105,
    1.040643362162625,
    1.017348015651653,
    0.9925653669222487,
    0.9790990929953091,
    0.9656045023371412,
    0.9502631801897319,
    0.9438530677900264,
    0.9400173709654683,
    0.9393360791094016,
    0.935276840681805
  ],
  "train_acc": [
    35.05399214659686,
    70.23069371727749,
    84.16230366492147,
    90.38776178010471,
    93.42277486910994,
    97.92212041884817,
    98.85471204188482,
    99.37009162303664,
    99.58278795811518,
    99.75458115183245,
    99.75458115183245,
    99.86910994764398,
    99.91001308900523,
    99.967277486911,
    99.94273560209425,
    99.97545811518324,
    99.99181937172774,
    100.0,
    100.0,
    99.99181937172774,
    100.0,
    99.99181937172774,
    99.99181937172774,
    100.0,
    100.0,
    100.0,
    100.0,
    100.0,
    100.0,
    100.0
  ],
  "val_loss": [
    2.8088820745915544,
    2.0516501915307694,
    1.779892122303998,
    1.691840683972394,
    1.5682864527643463,
    2.134008132381204,
    2.1994928489496677,
    2.204651305704941,
    2.134202508278835,
    2.1395572394500544,
    2.11297548700262,
    2.067764639854431,
    2.0266765032285528,
    1.955395820700092,
    1.908086950396314,
    1.897931001804493,
    1.8766025142905154,
    1.8393006884021523,
    1.813188056886932,
    1.7924611848077656,
    1.7876514034506716,
    1.7506134303999537,
    1.7427025356410462,
    1.732321094583582,
    1.7109418783658816,
    1.7075874422803337,
    1.7103059174102029,
    1.7070096731185913,
    1.7054304841123982,
    1.6959231665104995
  ],
  "val_acc": [
    46.54234654234654,
    66.58896658896658,
    75.13597513597513,
    76.92307692307692,
    80.03108003108004,
    87.68453768453769,
    87.41258741258741,
    88.1118881118881,
    89.1996891996892,
    89.08313908313909,
    89.70473970473971,
    89.8989898989899,
    90.44289044289044,
    91.45299145299145,
    91.56954156954157,
    90.9090909090909,
    92.07459207459208,
    91.8026418026418,
    92.03574203574203,
    92.26884226884226,
    91.95804195804196,
    92.73504273504274,
    93.00699300699301,
    92.81274281274281,
    92.92929292929293,
    92.81274281274281,
    92.85159285159286,
    92.81274281274281,
    92.65734265734265,
    93.00699300699301
  ],
  "lr": [
    0.001,
    0.0009972636867364526,
    0.000989084726566536,
    0.0009755527298894295,
    0.0009568159560924792,
    0.0009330796891903274,
    0.0009046039886902865,
    0.0008717008403259585,
    0.0008347307378762498,
    0.0007940987335200904,
    0.00075025,
    0.0007036649532163624,
    0.0006548539886902864,
    0.0006043518895634709,
    0.0005527119674021931,
    0.0005005000000000002,
    0.00044828803259780724,
    0.0003966481104365292,
    0.00034614601130971383,
    0.0002973350467836379,
    0.00025075000000000016,
    0.00020690126647990976,
    0.0001662692621237505,
    0.0001292991596740417,
    9.639601130971383e-05,
    6.792031080967288e-05,
    4.418404390752082e-05,
    2.5447270110570814e-05,
    1.1915273433464061e-05,
    3.736313263547436e-06
  ],
  "phase": [
    "ce_warmup",
    "ce_warmup",
    "ce_warmup",
    "ce_warmup",
    "ce_warmup",
    "arcface",
    "arcface",
    "arcface",
    "arcface",
    "arcface",
    "arcface",
    "arcface",
    "arcface",
    "arcface",
    "arcface",
    "arcface",
    "arcface",
    "arcface",
    "arcface",
    "arcface",
    "arcface",
    "arcface",
    "arcface",
    "arcface",
    "arcface",
    "arcface",
    "arcface",
    "arcface",
    "arcface",
    "arcface"
  ]
}